City,Country,State
BURLINGTON,Alamance,NC
ELON,Alamance,NC
GIBSONVILLE,Alamance,NC
GRAHAM,Alamance,NC
HAW RIVER,Alamance,NC
MEBANE,Alamance,NC
HIDDENITE,Alexander,NC
STONY POINT,Alexander,NC
TAYLORSVILLE,Alexander,NC
PINEY CREEK,Alleghany,NC
SPARTA,Alleghany,NC
MORVEN,Anson,NC
PEACHLAND,Anson,NC
POLKTON,Anson,NC
WADESBORO,Anson,NC
JEFFERSON,Ashe,NC
WEST JEFFERSON,Ashe,NC
BANNER ELK,Avery,NC
CROSSNORE,Avery,NC
BELHAVEN,Beaufort,NC
COLERAIN,Bertie,NC
LEWISTON,Bertie,NC
WINDSOR,Bertie,NC
BLADENBORO,Bladen,NC
DUBLIN,Bladen,NC
WHITE OAK,Bladen,NC
BOLIVIA,Brunswick,NC
CALABASH,Brunswick,NC
LELAND,Brunswick,NC
OAK ISLAND,Brunswick,NC
SHALLOTTE,Brunswick,NC
SOUTHPORT,Brunswick,NC
ARDEN,Buncombe,NC
ASHEVILLE,Buncombe,NC
BARNARDSVILLE,Buncombe,NC
BLACK MOUNTAIN,Buncombe,NC
CANDLER,Buncombe,NC
FAIRVIEW,Buncombe,NC
SWANNANOA,Buncombe,NC
WEAVERVILLE,Buncombe,NC
CONNELLY SPRINGS,Burke,NC
MORGANTON,Burke,NC
RUTHERFORD COLLEGE,Burke,NC
VALDESE,Burke,NC
CONCORD,Cabarrus,NC
HARRISBURG,Cabarrus,NC
MOUNT PLEASANT,Cabarrus,NC
COLLETTSVILLE,Caldwell,NC
HUDSON,Caldwell,NC
LENOIR,Caldwell,NC
CAMDEN,Camden,NC
ATLANTIC,Carteret,NC
BEAUFORT,Carteret,NC
MOREHEAD CITY,Carteret,NC
NEWPORT,Carteret,NC
SMYRNA,Carteret,NC
YANCEYVILLE,Caswell,NC
CATAWBA,Catawba,NC
CLAREMONT,Catawba,NC
DENVER,Catawba,NC
HICKORY,Catawba,NC
MAIDEN,Catawba,NC
NEWTON,Catawba,NC
SHERRILLS FORD,Catawba,NC
BENNETT,Chatham,NC
GOLDSTON,Chatham,NC
MONCURE,Chatham,NC
PITTSBORO,Chatham,NC
SILER CITY,Chatham,NC
MURPHY,Cherokee,NC
EDENTON,Chowan,NC
HAYESVILLE,Clay,NC
BOILING SPRINGS,Cleveland,NC
GROVER,Cleveland,NC
KINGS MOUNTAIN,Cleveland,NC
MOORESBORO,Cleveland,NC
SHELBY,Cleveland,NC
BOLTON,Columbus,NC
CHADBOURN,Columbus,NC
HALLSBORO,Columbus,NC
RIEGELWOOD,Columbus,NC
TABOR CITY,Columbus,NC
WHITEVILLE,Columbus,NC
HAVELOCK,Craven,NC
NEW BERN,Craven,NC
VANCEBORO,Craven,NC
EASTOVER,Cumberland,NC
FAYETTEVILLE,Cumberland,NC
HOPE MILLS,Cumberland,NC
SPRING LAKE,Cumberland,NC
STEDMAN,Cumberland,NC
WADE,Cumberland,NC
BARCO,Currituck,NC
POPLAR BRANCH,Currituck,NC
SHAWBORO,Currituck,NC
BUXTON,Dare,NC
FRISCO,Dare,NC
KILL DEVIL HILLS,Dare,NC
KITTY HAWK,Dare,NC
MANTEO,Dare,NC
NAGS HEAD,Dare,NC
DENTON,Davidson,NC
LEXINGTON,Davidson,NC
THOMASVILLE,Davidson,NC
ADVANCE,Davie,NC
COOLEEMEE,Davie,NC
MOCKSVILLE,Davie,NC
BEULAVILLE,Duplin,NC
KENANSVILLE,Duplin,NC
MAGNOLIA,Duplin,NC
ROSE HILL,Duplin,NC
WARSAW,Duplin,NC
BAHAMA,Durham,NC
DURHAM,Durham,NC
BATTLEBORO,Edgecombe,NC
PINETOPS,Edgecombe,NC
PRINCEVILLE,Edgecombe,NC
CLEMMONS,Forsyth,NC
KERNERSVILLE,Forsyth,NC
LEWISVILLE,Forsyth,NC
WALKERTOWN,Forsyth,NC
WINSTON SALEM,Forsyth,NC
BUNN,Franklin,NC
FRANKLINTON,Franklin,NC
LOUISBURG,Franklin,NC
YOUNGSVILLE,Franklin,NC
BELMONT,Gaston,NC
BESSEMER CITY,Gaston,NC
CHERRYVILLE,Gaston,NC
DALLAS,Gaston,NC
GASTONIA,Gaston,NC
MCADENVILLE,Gaston,NC
STANLEY,Gaston,NC
GATESVILLE,Gates,NC
GATES,Gates,NC
ROBBINSVILLE,Graham,NC
BUTNER,Granville,NC
CREEDMOOR,Granville,NC
OXFORD,Granville,NC
STOVALL,Granville,NC
HOOKERTON,Greene,NC
SNOW HILL,Greene,NC
PLEASANT GARDEN,Guilford,NC
CLIMAX,Guilford,NC
GREENSBORO,Guilford,NC
HIGH POINT,Guilford,NC
JAMESTOWN,Guilford,NC
OAK RIDGE,Guilford,NC
SEDALIA,Guilford,NC
STOKESDALE,Guilford,NC
SUMMERFIELD,Guilford,NC
HALIFAX,Halifax,NC
HOBGOOD,Halifax,NC
LITTLETON,Halifax,NC
ROANOKE RAPIDS,Halifax,NC
WELDON,Halifax,NC
ANGIER,Harnett,NC
BUIES CREEK,Harnett,NC
BUNNLEVEL,Harnett,NC
CAMERON,Harnett,NC
COATS,Harnett,NC
DUNN,Harnett,NC
ERWIN,Harnett,NC
LILLINGTON,Harnett,NC
CANTON,Haywood,NC
CLYDE,Haywood,NC
WAYNESVILLE,Haywood,NC
EAST FLAT ROCK,Henderson,NC
ETOWAH,Henderson,NC
FLETCHER,Henderson,NC
GERTON,Henderson,NC
HENDERSONVILLE,Henderson,NC
MILLS RIVER,Henderson,NC
AHOSKIE,Hertford,NC
COFIELD,Hertford,NC
MURFREESBORO,Hertford,NC
LUMBER BRIDGE,Hoke,NC
RAEFORD,Hoke,NC
CLEVELAND,Iredell,NC
HARMONY,Iredell,NC
MOORESVILLE,Iredell,NC
STATESVILLE,Iredell,NC
TROUTMAN,Iredell,NC
UNION GROVE,Iredell,NC
CASHIERS,Jackson,NC
CULLOWHEE,Jackson,NC
SYLVA,Jackson,NC
BENSON,Johnston,NC
CLAYTON,Johnston,NC
FOUR OAKS,Johnston,NC
KENLY,Johnston,NC
MICRO,Johnston,NC
PINE LEVEL,Johnston,NC
PRINCETON,Johnston,NC
SELMA,Johnston,NC
SMITHFIELD,Johnston,NC
WILLOW SPRINGS,Johnston,NC
WILSONS MILLS,Johnston,NC
POLLOCKSVILLE,Jones,NC
BROADWAY,Lee,NC
LEMON SPRINGS,Lee,NC
SANFORD,Lee,NC
DEEP RUN,Lenoir,NC
KINSTON,Lenoir,NC
LA GRANGE,Lenoir,NC
VALE,Lincoln,NC
FRANKLIN,Macon,NC
HIGHLANDS,Macon,NC
HOT SPRINGS,Madison,NC
HAMILTON,Martin,NC
JAMESVILLE,Martin,NC
OAK CITY,Martin,NC
ROBERSONVILLE,Martin,NC
MARION,McDowell,NC
NEBO,McDowell,NC
OLD FORT,McDowell,NC
CHARLOTTE,Mecklenburg,NC
CORNELIUS,Mecklenburg,NC
DAVIDSON,Mecklenburg,NC
HUNTERSVILLE,Mecklenburg,NC
PINEVILLE,Mecklenburg,NC
SPRUCE PINE,Mitchell,NC
BISCOE,Montgomery,NC
CANDOR,Montgomery,NC
MT GILEAD,Montgomery,NC
STAR,Montgomery,NC
TROY,Montgomery,NC
ABERDEEN,Moore,NC
CARTHAGE,Moore,NC
PINEHURST,Moore,NC
ROBBINS,Moore,NC
SOUTHERN PINES,Moore,NC
VASS,Moore,NC
WHISPERING PINES,Moore,NC
BAILEY,Nash,NC
MIDDLESEX,Nash,NC
NASHVILLE,Nash,NC
ROCKY MOUNT,Nash,NC
SHARPSBURG,Nash,NC
SPRING HOPE,Nash,NC
WILMINGTON,New Hanover,NC
CONWAY,Northampton,NC
LASKER,Northampton,NC
RICH SQUARE,Northampton,NC
SEVERN,Northampton,NC
WOODLAND,Northampton,NC
JACKSONVILLE,Onslow,NC
RICHLANDS,Onslow,NC
SWANSBORO,Onslow,NC
CARRBORO,Orange,NC
CHAPEL HILL,Orange,NC
HILLSBOROUGH,Orange,NC
ELIZABETH CITY,Pasquotank,NC
BURGAW,Pender,NC
HAMPSTEAD,Pender,NC
HERTFORD,Perquimans,NC
WINFALL,Perquimans,NC
HURDLE MILLS,Person,NC
ROXBORO,Person,NC
SEMORA,Person,NC
TIMBERLAKE,Person,NC
AYDEN,Pitt,NC
BETHEL,Pitt,NC
FARMVILLE,Pitt,NC
GREENVILLE,Pitt,NC
GRIFTON,Pitt,NC
TARBORO,Pitt,NC
WINTERVILLE,Pitt,NC
SALUDA,Polk,NC
TRYON,Polk,NC
ARCHDALE,Randolph,NC
ASHEBORO,Randolph,NC
LIBERTY,Randolph,NC
RAMSEUR,Randolph,NC
RANDLEMAN,Randolph,NC
TRINITY,Randolph,NC
CORDOVA,Richmond,NC
HAMLET,Richmond,NC
ROCKINGHAM,Richmond,NC
FAIRMONT,Robeson,NC
LUMBERTON,Robeson,NC
MAXTON,Robeson,NC
PARKTON,Robeson,NC
PEMBROKE,Robeson,NC
RED SPRINGS,Robeson,NC
SAINT PAULS,Robeson,NC
EDEN,Rockingham,NC
MADISON,Rockingham,NC
MAYODAN,Rockingham,NC
REIDSVILLE,Rockingham,NC
STONEVILLE,Rockingham,NC
CHINA GROVE,Rowan,NC
EAST SPENCER,Rowan,NC
GOLD HILL,Rowan,NC
KANNAPOLIS,Rowan,NC
LANDIS,Rowan,NC
SALISBURY,Rowan,NC
SPENCER,Rowan,NC
BOSTIC,Rutherford,NC
ELLENBORO,Rutherford,NC
FOREST CITY,Rutherford,NC
RUTHERFORDTON,Rutherford,NC
AUTRYVILLE,Sampson,NC
CLINTON,Sampson,NC
GARLAND,Sampson,NC
NEWTON GROVE,Sampson,NC
ROSEBORO,Sampson,NC
SALEMBURG,Sampson,NC
LAUREL HILL,Scotland,NC
LAURINBURG,Scotland,NC
WAGRAM,Scotland,NC
ALBEMARLE,Stanly,NC
LOCUST,Stanly,NC
NEW LONDON,Stanly,NC
NORWOOD,Stanly,NC
DANBURY,Stokes,NC
KING,Stokes,NC
PINNACLE,Stokes,NC
SANDY RIDGE,Stokes,NC
WALNUT COVE,Stokes,NC
DOBSON,Surry,NC
ELKIN,Surry,NC
MOUNT AIRY,Surry,NC
PILOT MOUNTAIN,Surry,NC
BRYSON CITY,Swain,NC
CHEROKEE,Swain,NC
BREVARD,Transylvania,NC
LAKE TOXAWAY,Transylvania,NC
PISGAH FOREST,Transylvania,NC
INDIAN TRAIL,Union,NC
MARSHVILLE,Union,NC
MATTHEWS,Union,NC
MONROE,Union,NC
STALLINGS,Union,NC
WAXHAW,Union,NC
WEDDINGTON,Union,NC
WINGATE,Union,NC
HENDERSON,Vance,NC
KITTRELL,Vance,NC
APEX,Wake,NC
CARY,Wake,NC
FUQUAY VARINA,Wake,NC
GARNER,Wake,NC
HOLLY SPRINGS,Wake,NC
KNIGHTDALE,Wake,NC
MORRISVILLE,Wake,NC
RALEIGH,Wake,NC
ROLESVILLE,Wake,NC
WAKE FOREST,Wake,NC
WENDELL,Wake,NC
ZEBULON,Wake,NC
NORLINA,Warren,NC
RIDGEWAY,Warren,NC
PLYMOUTH,Washington,NC
BLOWING ROCK,Watauga,NC
BOONE,Watauga,NC
SUGAR GROVE,Watauga,NC
DUDLEY,Wayne,NC
FREMONT,Wayne,NC
GOLDSBORO,Wayne,NC
MOUNT OLIVE,Wayne,NC
PIKEVILLE,Wayne,NC
HAYS,Wilkes,NC
MILLERS CREEK,Wilkes,NC
MORAVIAN FALLS,Wilkes,NC
ROARING RIVER,Wilkes,NC
NORTH WILKESBORO,Wilkes,NC
WILKESBORO,Wilkes,NC
BLACK CREEK,Wilson,NC
WILSON,Wilson,NC
BOONVILLE,Yadkin,NC
EAST BEND,Yadkin,NC
JONESVILLE,Yadkin,NC
BURNSVILLE,Yancey,NC